theme,img,price,property,description
ROLEX,https://eastend.co.jp/watch/wp/wp-content/uploads/2022/12/2R-x01-00745_1-420x420.jpg,"¥ 2,498,000 
JPY","USED,MENS",b'126710BLROGMT-MASTER \xe2\x85\xa1 V serial'
ROLEX,https://eastend.co.jp/watch/wp/wp-content/uploads/2022/12/2R-X01-00852_1-420x420.jpg,"¥ 6,198,000 
JPY","USED,MENS",b'116509NG116509NG Oyster perpetual Cosmograf Daytona F serial WG'
ROLEX,https://eastend.co.jp/watch/wp/wp-content/uploads/2022/12/2R-X01-00669_1-420x420.jpg,"¥ 4,598,000 
JPY","USED,MENS",b'116509G116509G Oyster perpetual Cosmograf Daytona Y serial WG'
VACHERON CONSTANTIN,https://eastend.co.jp/watch/wp/wp-content/uploads/2022/12/2V-C33-00005_1-420x420.jpg,"¥ 538,000 
JPY","USED,MENS",b'\xe3\x83\xa9\xe3\x82\xa6\xe3\x83\xb3\xe3\x83\x89'
OMEGA,https://eastend.co.jp/watch/wp/wp-content/uploads/2022/11/2O-M33-00039_1-420x420.jpg,"¥ 218,000 
JPY","USED,LADIES",b'231.10.30.61.55.001231.10.30.61.55.001 Seamaster Aqua Terra'
SEIKO,https://eastend.co.jp/watch/wp/wp-content/uploads/2022/12/2GSE01-00064_1-420x420.jpg,"¥ 298,000 
JPY","USED,MENS",b'SBGA093SBGA093 Power Reserve Spring Drive'
PATEK PHILIPPE,https://eastend.co.jp/watch/wp/wp-content/uploads/2022/12/2P-P33-00001_1-420x420.jpg,"¥ 1,198,000 
JPY","USED,LADIES",b'4910/10A-0104910/10A-010 Twenty-4'
BREITLING,https://eastend.co.jp/watch/wp/wp-content/uploads/2022/12/2BRT01-00127_1-420x420.jpg,"¥ 378,000 
JPY","USED,MENS",b'A12022A12022  Navitimer Cosmonaute Chronograph'
BREITLING,https://eastend.co.jp/watch/wp/wp-content/uploads/2022/12/2BRT01-00139_1-420x420.jpg,"¥ 518,000 
JPY","USED,MENS",b'D33030D33030 Navitimer Airborne Chronograph'
OMEGA,https://eastend.co.jp/watch/wp/wp-content/uploads/2022/12/2O-M01-00462_1-420x420.jpg,"¥ 138,000 
JPY","USED,MENS",b'2500.802500.80 Jacques Mayol'
ROLEX,https://eastend.co.jp/watch/wp/wp-content/uploads/2022/12/2R-X33-00146_1-420x420.jpg,"¥ 278,000 
JPY","USED,MENS",b'66946694 Oyster Date Precision cal. 1225 51***** serial'
OFFICINE PANERAI,https://eastend.co.jp/watch/wp/wp-content/uploads/2022/11/2PAN33-00062_1-420x420.jpg,"¥ 1,098,000 
JPY","USED,MENS",b'PAM00533PAM00533 Luminor GMT'
ROLEX,https://eastend.co.jp/watch/wp/wp-content/uploads/2022/11/2R-X01-01095_1-420x420.jpg,"¥ 468,000 
JPY","USED,MENS",b'16011601 Oyster Perpetual Date Just cal. 1570 34***** serial'
OMEGA,https://eastend.co.jp/watch/wp/wp-content/uploads/2022/11/2O-M01-00456_1-420x420.jpg,"¥ 99,800 
JPY","USED,MENS",b'Seamaster Professional'
ROLEX,https://eastend.co.jp/watch/wp/wp-content/uploads/2022/11/2R-X01-01111_1-420x420.jpg,"¥ 438,000 
JPY","USED,MENS",b'55005500 Air King Oyster Perpetual cal.1520 R Series'
BREITLING,https://eastend.co.jp/watch/wp/wp-content/uploads/2022/11/2BRT01-00132_1-420x420.jpg,"¥ 248,000 
JPY","USED,MENS",b'A20348A20348 Chronomat Longitude GMT'
OMEGA,https://eastend.co.jp/watch/wp/wp-content/uploads/2022/11/2O-M01-00450_1-420x420.jpg,SOLD OUT,"USED,MENS",b'3523.303523.30 Speedmaster DayDate'
OMEGA,https://eastend.co.jp/watch/wp/wp-content/uploads/2022/11/2O-M01-00436_1-1-420x420.jpg,"¥ 468,000 
JPY","USED,MENS",b'3570.503570.50 Speedmaster Professional'
ROLEX,https://eastend.co.jp/watch/wp/wp-content/uploads/2022/11/2R-X01-01137_1-420x420.jpg,SOLD OUT,"USED,MENS",b'66946694 Oyster Date Precision cal. 1225 30***** serial'
OMEGA,https://eastend.co.jp/watch/wp/wp-content/uploads/2022/11/20-M01-00451_1-420x420.jpg,"¥ 248,000 
JPY","USED,MENS",b'3510.503510.50 Speedmaster'
ROLEX,https://eastend.co.jp/watch/wp/wp-content/uploads/2022/11/2R-X33-00142_1-420x420.jpg,"¥ 1,198,000 
JPY","USED,MENS",b'1661016610 Submariner Date A series'
OMEGA,https://eastend.co.jp/watch/wp/wp-content/uploads/2022/11/20-M01-00452_1-420x420.jpg,SOLD OUT,"USED,MENS",b'3511.503511.50 Speedmaster Date'
ROLEX,https://eastend.co.jp/watch/wp/wp-content/uploads/2022/11/2R-X01-01090_1-420x420.jpg,"¥ 298,000 
JPY","USED,MENS",b'66946694 Oyster Date Precision cal. 1225 31***** serial'
OMEGA,https://eastend.co.jp/watch/wp/wp-content/uploads/2022/11/2O-M01-00458_1-420x420.jpg,SOLD OUT,"USED,MENS",b'3520.503520.50 Speedmaster DayDate'
SEIKO,https://eastend.co.jp/watch/wp/wp-content/uploads/2022/11/2GSE01-00063_1-420x420.jpg,"¥ 348,000 
JPY","USED,MENS",b'SBGM227SBGM227 Grand Seiko Mechanical GMT 9S66'
ROLEX,https://eastend.co.jp/watch/wp/wp-content/uploads/2022/11/2R-X33-00143_1-420x420.jpg,"¥ 718,000 
JPY","USED,MENS",b'1623316233 Date Jusr W Series'
ROLEX,https://eastend.co.jp/watch/wp/wp-content/uploads/2022/11/2R-X01-01094_1-420x420.jpg,"¥ 478,000 
JPY","USED,MENS",b'16011601 Oyster Perpetual Date Just 37***** serial'
OMEGA,https://eastend.co.jp/watch/wp/wp-content/uploads/2022/11/2O-M01-00407_1-420x420.jpg,"¥ 99,800 
JPY","USED,MENS",b'CLASSIC'
ROLEX,https://eastend.co.jp/watch/wp/wp-content/uploads/2022/11/2R-X01-01092_1-420x420.jpg,"¥ 438,000 
JPY","USED,MENS",b'64266426 Oyster cal.1225 37***** serial'
ROLEX,https://eastend.co.jp/watch/wp/wp-content/uploads/2022/11/2R-X01-01093_1-420x420.jpg,"¥ 418,000 
JPY","USED,MENS",b'15001500 Oyster Perpetual Date 64***** Serial'
ROLEX,https://eastend.co.jp/watch/wp/wp-content/uploads/2022/11/2R-X01-01089_1-420x420.jpg,"¥ 538,000 
JPY","USED,LADIES",b'7917379173 Datejust No.P'
BREITLING,https://eastend.co.jp/watch/wp/wp-content/uploads/2022/11/2BRT33-00083_1-420x420.jpg,"¥ 378,000 
JPY","USED,LADIES",b'A10380A10380 Chronomat'
OMEGA,https://eastend.co.jp/watch/wp/wp-content/uploads/2022/11/2O-M33-00035_1-1-420x420.jpg,"¥ 288,000 
JPY","USED,MENS",b'2050.712050.71 Seamaster Blue Shell Dial'
BELL&ROSS,https://eastend.co.jp/watch/wp/wp-content/uploads/2022/11/2BR33-00003_1-420x420.jpg,"¥ 698,000 
JPY","USED,MENS",b'BR05A-BL-SK-ST/SST BR05A-BL-SK-ST/SST Skeleton Night Lum Limited Edition'
CARTIER,https://eastend.co.jp/watch/wp/wp-content/uploads/2022/11/2CAR01-00500_1-420x420.jpg,"¥ 178,000 
JPY","USED,MENS",b'W2001683W2001683 Santos Octagon SM'
BVLGARI,https://eastend.co.jp/watch/wp/wp-content/uploads/2022/11/2BVL33-00008_1-420x420.jpg,SOLD OUT,"USED,MENS",b'AL38TAAL38TA Aluminium'
ROLEX,https://eastend.co.jp/watch/wp/wp-content/uploads/2022/11/2R-X01-01117_1-420x420.jpg,"¥ 298,000 
JPY","USED,MENS",b'66946694 Oyster Date Just cal. 1225 57***** serial'
OMEGA,https://eastend.co.jp/watch/wp/wp-content/uploads/2022/11/2O-M33-00038_1-420x420.jpg,"¥ 498,000 
JPY","USED,MENS",b'321.92.44.52.01.001321.92.44.52.01.001 Speedmaster HB-SIA CO-AXIAL GMT chronograph'
OMEGA,https://eastend.co.jp/watch/wp/wp-content/uploads/2022/11/2O-M01-00455_1-420x420.jpg,SOLD OUT,"USED,MENS",b'Seamaster Automatic'
OMEGA,https://eastend.co.jp/watch/wp/wp-content/uploads/2022/11/2O-M01-00445_1-420x420.jpg,SOLD OUT,"USED,MENS",b'3210.503210.50 Speedmaster Date'
PATEK PHILIPPE,https://eastend.co.jp/watch/wp/wp-content/uploads/2022/11/2P-PO1-00122_1-420x420.jpg,SOLD OUT,"USED,LADIES",b'4700/51J4700/51J Nautilus YG'
CARTIER,https://eastend.co.jp/watch/wp/wp-content/uploads/2022/11/2CAR01-00539_1-420x420.jpg,"¥ 1,098,000 
JPY","USED,LADIES",b'14301430 Diabolo K18 YG'
TAG HEUER,https://eastend.co.jp/watch/wp/wp-content/uploads/2022/09/2TAG33-00018_1-420x420.jpg,SOLD OUT,"USED,MENS",b'CV2010.BA0794CV2010.BA0794 Carrera Tachymeter Chronograph'
OFFICINE PANERAI,https://eastend.co.jp/watch/wp/wp-content/uploads/2022/11/2P-P01-00122_1-420x420.jpg,"¥ 618,000 
JPY","USED,MENS",b'PAM00091PAM00091 Luminor Marina'
VACHERON CONSTANTIN,https://eastend.co.jp/watch/wp/wp-content/uploads/2022/11/2V-C01-00121_1-420x420.jpg,"¥ 738,000 
JPY","USED,MENS",b'31150/000J31150/000J Tonneau'
ROLEX,https://eastend.co.jp/watch/wp/wp-content/uploads/2022/11/2R-X01-01127_1-420x420.jpg,SOLD OUT,"USED,MENS",b'16011601 Oyster Perpetual Date Just 23***** serial'
OMEGA,https://eastend.co.jp/watch/wp/wp-content/uploads/2022/11/2O-M01-00454_1-420x420.jpg,"¥ 248,000 
JPY","USED,MENS",b'3513.823513.82 Speed Master Date'
ROLEX,https://eastend.co.jp/watch/wp/wp-content/uploads/2022/11/2R-X01-01126_1-420x420.jpg,"¥ 818,000 
JPY","USED,MENS",b'15001500 Oyster Perpetual Date 18K YG 2****** serial'
OMEGA,https://eastend.co.jp/watch/wp/wp-content/uploads/2022/11/2O-M01-00453_1-420x420.jpg,Unknown price,"USED,MENS",b'3510.523510.52 Speedmaster'
BREITLING,https://eastend.co.jp/watch/wp/wp-content/uploads/2022/11/2BRT01-00129_1-420x420.jpg,"¥ 298,000 
JPY","USED,MENS",b'E13360E13360 Chrono Avenger'
TAG HEUER,https://eastend.co.jp/watch/wp/wp-content/uploads/2022/11/2TAG33-00023_1-420x420.jpg,Unknown price,"USED,MENS",b'CBG2010.BA0662CBG2010.BA0662 Carrera'
ROLEX,https://eastend.co.jp/watch/wp/wp-content/uploads/2022/11/2R-X01-01113_1-420x420.jpg,"¥ 2,998,000 
JPY","USED,MENS",b'116520116520 Daytona Z Series'
IWC,https://eastend.co.jp/watch/wp/wp-content/uploads/2022/11/2IWC33-00013_1-420x420.jpg,"¥ 758,000 
JPY","USED,MENS","b""IW324712IW324712 Pilot's Watch Mark XVIII Top Gun SFTI"""
TAG HEUER,https://eastend.co.jp/watch/wp/wp-content/uploads/2022/11/2TAG33-00024_1-420x420.jpg,"¥ 468,000 
JPY","USED,MENS",b'CBG2010.FT6143CBG2010.FT6143 Carrera Chronograph'
ROLEX,https://eastend.co.jp/watch/wp/wp-content/uploads/2022/11/2R-X01-01082_1-420x420.jpg,"¥ 398,000 
JPY","USED,LADIES",b'95229522 Oyster Precision'
OTHER,https://eastend.co.jp/watch/wp/wp-content/uploads/2022/11/2AER33-00001_1-420x420.jpg,"¥ 49,800 
JPY","USED,UNISEX",b'POCKET WATCH'
OMEGA,https://eastend.co.jp/watch/wp/wp-content/uploads/2022/11/2O-M01-00442_1-420x420.jpg,"¥ 118,000 
JPY","USED,MENS",b'Seamaster Automatic'
ROLEX,https://eastend.co.jp/watch/wp/wp-content/uploads/2022/11/2R-X33-00139_1-420x420.jpg,"¥ 738,000 
JPY","USED,MENS",b'1620016200 Oyster Perpetual Date Just P Series'
TAG HEUER,https://eastend.co.jp/watch/wp/wp-content/uploads/2022/11/2TAG33-00022_6-420x420.jpg,SOLD OUT,"USED,MENS",b'CAZ101AJ.FC6487CAZ101AJ.FC6487 TAGHEUER Formula 1 Ayrton Senna Special Edition'
ROLEX,https://eastend.co.jp/watch/wp/wp-content/uploads/2022/11/2R-X01-00681_1-420x420.jpg,"¥ 1,038,000 
JPY","USED,MENS",b'116900116900 Oyster Perpetual Air King Ramdon Serial'
